year_group,ks_level,topic_strand,sub_strand,statement
1,1,Number,number and place value,"count to and across 100, forwards and backwards, beginning with 0 or 1, or from any given number"
1,1,Number,number and place value,"count, read and write numbers to 100 in numerals; count in multiples of 2s, 5s and 10s"
1,1,Number,number and place value,"given a number, identify 1 more and 1 less"
1,1,Number,number and place value,"identify and represent numbers using objects and pictorial representations including the number line, and use the language of: equal to, more than, less than (fewer), most, least"
1,1,Number,number and place value,read and write numbers from 1 to 20 in numerals and words
1,1,Number,addition and subtraction,"read, write and interpret mathematical statements involving addition (+), subtraction (−) and equals (=) signs"
1,1,Number,addition and subtraction,represent and use number bonds and related subtraction facts within 20
1,1,Number,addition and subtraction,"add and subtract one-digit and two-digit numbers to 20, including 0"
1,1,Number,addition and subtraction,"solve one-step problems that involve addition and subtraction, using concrete objects and pictorial representations, and missing number problems such as 7 = ? − 9"
1,1,Number,multiplication and division,"solve one-step problems involving multiplication and division, by calculating the answer using concrete objects, pictorial representations and arrays with the support of the teacher"
1,1,Number,fractions,"recognise, find and name a half as 1 of 2 equal parts of an object, shape or quantity"
1,1,Number,fractions,"recognise, find and name a quarter as 1 of 4 equal parts of an object, shape or quantity"
1,1,Geometry,Measurement,"compare, describe and solve practical problems for: lengths and heights"
1,1,Geometry,Measurement,"compare, describe and solve practical problems for: mass/weight"
1,1,Geometry,Measurement,"compare, describe and solve practical problems for: capacity and volume"
1,1,Geometry,Measurement,"compare, describe and solve practical problems for: time"
1,1,Geometry,Measurement,measure and begin to record the following: lengths and heights
1,1,Geometry,Measurement,measure and begin to record the following: mass/weight
1,1,Geometry,Measurement,measure and begin to record the following: capacity and volume
1,1,Geometry,Measurement,"measure and begin to record the following: time (hours, minutes, seconds)"
1,1,Geometry,Measurement,measure and begin to record the following: recognise and know the value of different denominations of coins and notes
1,1,Geometry,Measurement,measure and begin to record the following: sequence events in chronological order using language
1,1,Geometry,Measurement,"recognise and use language relating to dates, including days of the week, weeks, months and years"
1,1,Geometry,Measurement,tell the time to the hour and half past the hour and draw the hands on a clock face to show these times
1,1,Geometry,properties of shapes,"recognise and name common 2-D and 3-D shapes, including: 2-D shapes"
1,1,Geometry,properties of shapes,"recognise and name common 2-D and 3-D shapes, including: 3-D shapes"
1,1,Geometry,position and direction,"describe position, direction and movement, including whole, half, quarter and three-quarter turns"
2,1,Number,number and place value,"count in steps of 2, 3, and 5 from 0, and in 10s from any number, forward and backward"
2,1,Number,number and place value,"recognise the place value of each digit in a two-digit number (10s, 1s)"
2,1,Number,number and place value,"identify, represent and estimate numbers using different representations, including the number line"
2,1,Number,number and place value,"compare and order numbers from 0 up to 100; use <, > and = signs"
2,1,Number,number and place value,read and write numbers to at least 100 in numerals and in words
2,1,Number,number and place value,use place value and number facts to solve problems
2,1,Number,addition and subtraction,"solve problems with addition and subtraction: using concrete objects and pictorial representations, including those involving numbers, quantities and measures"
2,1,Number,addition and subtraction,solve problems with addition and subtraction: applying their increasing knowledge of mental and written methods
2,1,Number,addition and subtraction,"recall and use addition and subtraction facts to 20 fluently, and derive and use related facts up to 100"
2,1,Number,addition and subtraction,"add and subtract numbers using concrete objects, pictorial representations, and mentally, including: a two-digit number and 1s"
2,1,Number,addition and subtraction,"add and subtract numbers using concrete objects, pictorial representations, and mentally, including: a two-digit number and 10s"
2,1,Number,addition and subtraction,"add and subtract numbers using concrete objects, pictorial representations, and mentally, including: 2 two-digit numbers"
2,1,Number,addition and subtraction,"add and subtract numbers using concrete objects, pictorial representations, and mentally, including: adding 3 one-digit numbers"
2,1,Number,addition and subtraction,show that addition of 2 numbers can be done in any order (commutative) and subtraction of 1 number from another cannot
2,1,Number,addition and subtraction,recognise and use the inverse relationship between addition and subtraction and use this to check calculations and solve missing number problems
2,1,Number,multiplication and division,"recall and use multiplication and division facts for the 2, 5 and 10 multiplication tables, including recognising odd and even numbers"
2,1,Number,multiplication and division,"calculate mathematical statements for multiplication and division within the multiplication tables and write them using the multiplication (×), division (÷) and equals (=) signs"
2,1,Number,multiplication and division,show that multiplication of 2 numbers can be done in any order (commutative) and division of 1 number by another cannot
2,1,Number,multiplication and division,"solve problems involving multiplication and division, using materials, arrays, repeated addition, mental methods, and multiplication and division facts, including problems in contexts"
2,1,Number,fractions,"recognise, find, name and write fractions [Fraction:1/3], [Fraction:1/4], [Fraction:2/4] and [Fraction:3/4] of a length, shape, set of objects or quantity"
2,1,Number,fractions,"write simple fractions, for example [Fraction:1/2] of 6 = 3 and recognise the equivalence of [Fraction:2/4] and [Fraction:1/2]"
2,1,Geometry,Measurement,"choose and use appropriate standard units to estimate and measure length/height in any direction (m/cm); mass (kg/g); temperature (°C); capacity (litres/ml) to the nearest appropriate unit, using rulers, scales, thermometers and measuring vessels"
2,1,Geometry,Measurement,"compare and order lengths, mass, volume/capacity and record the results using >, < and ="
2,1,Geometry,Measurement,recognise and use symbols for pounds (£) and pence (p); combine amounts to make a particular value
2,1,Geometry,Measurement,find different combinations of coins that equal the same amounts of money
2,1,Geometry,Measurement,"solve simple problems in a practical context involving addition and subtraction of money of the same unit, including giving change"
2,1,Geometry,Measurement,compare and sequence intervals of time
2,1,Geometry,Measurement,"tell and write the time to five minutes, including quarter past/to the hour and draw the hands on a clock face to show these times"
2,1,Geometry,Measurement,know the number of minutes in an hour and the number of hours in a day
2,1,Geometry,properties of shapes,"identify and describe the properties of 2-D shapes, including the number of sides, and line symmetry in a vertical line"
2,1,Geometry,properties of shapes,"identify and describe the properties of 3-D shapes, including the number of edges, vertices and faces"
2,1,Geometry,properties of shapes,"identify 2-D shapes on the surface of 3-D shapes,"
2,1,Geometry,properties of shapes,compare and sort common 2-D and 3-D shapes and everyday objects
2,1,Geometry,position and direction,order and arrange combinations of mathematical objects in patterns and sequences
2,1,Geometry,position and direction,"use mathematical vocabulary to describe position, direction and movement, including movement in a straight line and distinguishing between rotation as a turn and in terms of right angles for quarter, half and three-quarter turns (clockwise and anti-clockwise)"
2,1,Statistics,Statistics,"interpret and construct simple pictograms, tally charts, block diagrams and tables"
2,1,Statistics,Statistics,ask and answer simple questions by counting the number of objects in each category and sorting the categories by quantity
2,1,Statistics,Statistics,ask-and-answer questions about totalling and comparing categorical data
3,2,Number,number and place value,"count from 0 in multiples of 4, 8, 50 and 100; find 10 or 100 more or less than a given number"
3,2,Number,number and place value,"recognise the place value of each digit in a 3-digit number (100s, 10s, 1s)"
3,2,Number,number and place value,"compare and order numbers up to 1,000"
3,2,Number,number and place value,"identify, represent and estimate numbers using different representations"
3,2,Number,number and place value,"read and write numbers up to 1,000 in numerals and in words"
3,2,Number,number and place value,solve number problems and practical problems involving these ideas
3,2,Number,addition and subtraction,"add and subtract numbers mentally, including: a three-digit number and 1s"
3,2,Number,addition and subtraction,"add and subtract numbers mentally, including: a three-digit number and 10s"
3,2,Number,addition and subtraction,"add and subtract numbers mentally, including: a three-digit number and 100s"
3,2,Number,addition and subtraction,"add and subtract numbers with up to 3 digits, using formal written methods of columnar addition and subtraction"
3,2,Number,addition and subtraction,estimate the answer to a calculation and use inverse operations to check answers
3,2,Number,addition and subtraction,"solve problems, including missing number problems, using number facts, place value, and more complex addition and subtraction"
3,2,Number,multiplication and division,"recall and use multiplication and division facts for the 3, 4 and 8 multiplication tables"
3,2,Number,multiplication and division,"write and calculate mathematical statements for multiplication and division using the multiplication tables that they know, including for two-digit numbers times one-digit numbers, using mental and progressing to formal written methods"
3,2,Number,multiplication and division,"solve problems, including missing number problems, involving multiplication and division, including positive integer scaling problems and correspondence problems in which n objects are connected to m objects"
3,2,Number,fractions,count up and down in tenths; recognise that tenths arise from dividing an object into 10 equal parts and in dividing one-digit numbers or quantities by 10
3,2,Number,fractions,"recognise, find and write fractions of a discrete set of objects: unit fractions and non-unit fractions with small denominators"
3,2,Number,fractions,recognise and use fractions as numbers: unit fractions and non-unit fractions with small denominators
3,2,Number,fractions,"recognise and show, using diagrams, equivalent fractions with small denominators"
3,2,Number,fractions,add and subtract fractions with the same denominator within one whole+[Fraction:1/7] = [Fraction:6/7]]
3,2,Number,fractions,"compare and order unit fractions, and fractions with the same denominators"
3,2,Number,fractions,solve problems that involve all of the above
3,2,Geometry,Measurement,"measure, compare, add and subtract: lengths (m/cm/mm); mass (kg/g); volume/capacity (l/ml)"
3,2,Geometry,Measurement,measure the perimeter of simple 2-D shapes
3,2,Geometry,Measurement,"add and subtract amounts of money to give change, using both £ and p in practical contexts"
3,2,Geometry,Measurement,"tell and write the time from an analogue clock, including using Roman numerals from I to XII, and 12-hour and 24-hour clocks"
3,2,Geometry,Measurement,"estimate and read time with increasing accuracy to the nearest minute; record and compare time in terms of seconds, minutes and hours; use vocabulary such as o’clock, am/pm, morning, afternoon, noon and midnight"
3,2,Geometry,Measurement,"know the number of seconds in a minute and the number of days in each month, year and leap year"
3,2,Geometry,Measurement,compare durations of events
3,2,Geometry,properties of shapes,draw 2-D shapes and make 3-D shapes using modelling materials; recognise 3-D shapes in different orientations and describe them
3,2,Geometry,properties of shapes,recognise angles as a property of shape or a description of a turn
3,2,Geometry,properties of shapes,"identify right angles, recognise that 2 right angles make a half-turn, 3 make three-quarters of a turn and 4 a complete turn; identify whether angles are greater than or less than a right angle"
3,2,Geometry,properties of shapes,identify horizontal and vertical lines and pairs of perpendicular and parallel lines
3,2,Statistics,Statistics,"interpret and present data using bar charts, pictograms and tables"
3,2,Statistics,Statistics,solve one-step and two-step questions using information presented in scaled bar charts and pictograms and tables
4,2,Number,number and place value,"count in multiples of 6, 7, 9, 25 and 1,000"
4,2,Number,number and place value,"find 1,000 more or less than a given number"
4,2,Number,number and place value,count backwards through 0 to include negative numbers
4,2,Number,number and place value,"recognise the place value of each digit in a four-digit number (1,000s, 100s, 10s, and 1s)"
4,2,Number,number and place value,"order and compare numbers beyond 1,000"
4,2,Number,number and place value,"identify, represent and estimate numbers using different representations"
4,2,Number,number and place value,"round any number to the nearest 10, 100 or 1,000"
4,2,Number,number and place value,solve number and practical problems that involve all of the above and with increasingly large positive numbers
4,2,Number,number and place value,"read Roman numerals to 100 (I to C) and know that over time, the numeral system changed to include the concept of 0 and place value"
4,2,Number,addition and subtraction,add and subtract numbers with up to 4 digits using the formal written methods of columnar addition and subtraction where appropriate
4,2,Number,addition and subtraction,estimate and use inverse operations to check answers to a calculation
4,2,Number,addition and subtraction,"solve addition and subtraction two-step problems in contexts, deciding which operations and methods to use and why"
4,2,Number,multiplication and division,recall multiplication and division facts for multiplication tables up to 12 × 12
4,2,Number,multiplication and division,"use place value, known and derived facts to multiply and divide mentally, including: multiplying by 0 and 1; dividing by 1; multiplying together 3 numbers"
4,2,Number,multiplication and division,recognise and use factor pairs and commutativity in mental calculations
4,2,Number,multiplication and division,multiply two-digit and three-digit numbers by a one-digit number using formal written layout
4,2,Number,multiplication and division,"solve problems involving multiplying and adding, including using the distributive law to multiply two-digit numbers by 1 digit, integer scaling problems and harder correspondence problems such as n objects are connected to m objects"
4,2,Number,fractions,"recognise and show, using diagrams, families of common equivalent fractions"
4,2,Number,fractions,count up and down in hundredths; recognise that hundredths arise when dividing an object by 100 and dividing tenths by 10
4,2,Number,fractions,"solve problems involving increasingly harder fractions to calculate quantities, and fractions to divide quantities, including non-unit fractions where the answer is a whole number"
4,2,Number,fractions,add and subtract fractions with the same denominator
4,2,Number,fractions,recognise and write decimal equivalents of any number of tenths or hundreds
4,2,Number,fractions,"recognise and write decimal equivalents to [Fraction:1/4], [Fraction:1/2], [Fraction:3/4]"
4,2,Number,fractions,"find the effect of dividing a one- or two-digit number by 10 and 100, identifying the value of the digits in the answer as ones, tenths and hundredths"
4,2,Number,fractions,round decimals with 1 decimal place to the nearest whole number
4,2,Number,fractions,compare numbers with the same number of decimal places up to 2 decimal places
4,2,Number,fractions,solve simple measure and money problems involving fractions and decimals to 2 decimal places
4,2,Geometry,Measurement,convert between different units of measure
4,2,Geometry,Measurement,measure and calculate the perimeter of a rectilinear figure (including squares) in centimetres and metres
4,2,Geometry,Measurement,find the area of rectilinear shapes by counting squares
4,2,Geometry,Measurement,"estimate, compare and calculate different measures, including money in pounds and pence"
4,2,Geometry,Measurement,"read, write and convert time between analogue and digital 12- and 24-hour clocks"
4,2,Geometry,Measurement,"solve problems involving converting from hours to minutes, minutes to seconds, years to months, weeks to days"
4,2,Geometry,properties of shapes,"compare and classify geometric shapes, including quadrilaterals and triangles, based on their properties and sizes"
4,2,Geometry,properties of shapes,identify acute and obtuse angles and compare and order angles up to 2 right angles by size
4,2,Geometry,properties of shapes,identify lines of symmetry in 2-D shapes presented in different orientations
4,2,Geometry,properties of shapes,complete a simple symmetric figure with respect to a specific line of symmetry
4,2,Geometry,position and direction,describe positions on a 2-D grid as coordinates in the first quadrant
4,2,Geometry,position and direction,describe movements between positions as translations of a given unit to the left/right and up/down
4,2,Geometry,position and direction,plot specified points and draw sides to complete a given polygon
4,2,Statistics,Statistics,"interpret and present discrete and continuous data using appropriate graphical methods, including bar charts and time graphs"
4,2,Statistics,Statistics,"solve comparison, sum and difference problems using information presented in bar charts, pictograms, tables and other graphs"
5,2,Number,number and place value,"read, write, order and compare numbers to at least 1,000,000 and determine the value of each digit"
5,2,Number,number and place value,"count forwards or backwards in steps of powers of 10 for any given number up to 1,000,000"
5,2,Number,number and place value,"interpret negative numbers in context, count forwards and backwards with positive and negative whole numbers, including through 0"
5,2,Number,number and place value,"round any number up to 1,000,000 to the nearest 10, 100, 1,000, 10,000 and 100,000"
5,2,Number,number and place value,solve number problems and practical problems that involve all of the above
5,2,Number,number and place value,"read Roman numerals to 1,000 (M) and recognise years written in Roman numerals"
5,2,Number,addition and subtraction,"add and subtract whole numbers with more than 4 digits, including using formal written methods (columnar addition and subtraction)"
5,2,Number,addition and subtraction,add and subtract numbers mentally with increasingly large numbers
5,2,Number,addition and subtraction,"use rounding to check answers to calculations and determine, in the context of a problem, levels of accuracy"
5,2,Number,addition and subtraction,"solve addition and subtraction multi-step problems in contexts, deciding which operations and methods to use and why"
5,2,Number,multiplication and division,"identify multiples and factors, including finding all factor pairs of a number, and common factors of 2 numbers"
5,2,Number,multiplication and division,"know and use the vocabulary of prime numbers, prime factors and composite (non-prime) numbers"
5,2,Number,multiplication and division,establish whether a number up to 100 is prime and recall prime numbers up to 19
5,2,Number,multiplication and division,"multiply numbers up to 4 digits by a one- or two-digit number using a formal written method, including long multiplication for two-digit numbers"
5,2,Number,multiplication and division,"multiply and divide numbers mentally, drawing upon known facts"
5,2,Number,multiplication and division,divide numbers up to 4 digits by a one-digit number using the formal written method of short division and interpret remainders appropriately for the context
5,2,Number,multiplication and division,"multiply and divide whole numbers and those involving decimals by 10, 100 and 1,000"
5,2,Number,multiplication and division,"recognise and use square numbers and cube numbers, and the notation for squared (²) and cubed (³)"
5,2,Number,multiplication and division,"solve problems involving multiplication and division, including using their knowledge of factors and multiples, squares and cubes"
5,2,Number,multiplication and division,"solve problems involving addition, subtraction, multiplication and division and a combination of these, including understanding the meaning of the equals sign"
5,2,Number,multiplication and division,"solve problems involving multiplication and division, including scaling by simple fractions and problems involving simple rates"
5,2,Number,fractions,compare and order fractions whose denominators are all multiples of the same number
5,2,Number,fractions,"identify, name and write equivalent fractions of a given fraction, represented visually, including tenths and hundredths"
5,2,Number,fractions,recognise mixed numbers and improper fractions and convert from one form to the other and write mathematical statements > 1 as a mixed number+[Fraction:4/5] = [Fraction:6/5] = 1 [Fraction:1/5] ]
5,2,Number,fractions,"add and subtract fractions with the same denominator, and denominators that are multiples of the same number"
5,2,Number,fractions,"multiply proper fractions and mixed numbers by whole numbers, supported by materials and diagrams"
5,2,Number,fractions,read and write decimal numbers as fractions ]
5,2,Number,fractions,"recognise and use thousandths and relate them to tenths, hundredths and decimal equivalents"
5,2,Number,fractions,round decimals with 2 decimal places to the nearest whole number and to 1 decimal place
5,2,Number,fractions,"read, write, order and compare numbers with up to 3 decimal places"
5,2,Number,fractions,solve problems involving number up to 3 decimal places
5,2,Number,fractions,"recognise the per cent symbol (%) and understand that per cent relates to ‘number of parts per 100’, and write percentages as a fraction with denominator 100, and as a decimal fraction"
5,2,Number,fractions,"solve problems which require knowing percentage and decimal equivalents of [Fraction:1/2], [Fraction:1/4], [Fraction:1/5], [Fraction:2/5], [Fraction:4/5] and those fractions with a denominator of a multiple of 10 or 25"
5,2,Geometry,Measurement,convert between different units of metric measure
5,2,Geometry,Measurement,"understand and use approximate equivalences between metric units and common imperial units such as inches, pounds and pints"
5,2,Geometry,Measurement,measure and calculate the perimeter of composite rectilinear shapes in centimetres and metres
5,2,Geometry,Measurement,"calculate and compare the area of rectangles (including squares), including using standard units, square centimetres (cm²) and square metres (m²), and estimate the area of irregular shapes"
5,2,Geometry,Measurement,estimate volume and capacity
5,2,Geometry,Measurement,solve problems involving converting between units of time
5,2,Geometry,Measurement,"use all four operations to solve problems involving measure using decimal notation, including scaling"
5,2,Geometry,properties of shapes,"identify 3-D shapes, including cubes and other cuboids, from 2-D representations"
5,2,Geometry,properties of shapes,"know angles are measured in degrees: estimate and compare acute, obtuse and reflex angles"
5,2,Geometry,properties of shapes,"draw given angles, and measure them in degrees (°)"
5,2,Geometry,properties of shapes,identify: angles at a point and 1 whole turn (total 360°)
5,2,Geometry,properties of shapes,identify: angles at a point on a straight line and half a turn (total 180°)
5,2,Geometry,properties of shapes,identify: other multiples of 90°
5,2,Geometry,properties of shapes,identify: use the properties of rectangles to deduce related facts and find missing lengths and angles
5,2,Geometry,properties of shapes,identify: distinguish between regular and irregular polygons based on reasoning about equal sides and angles
5,2,Geometry,position and direction,"identify, describe and represent the position of a shape following a reflection or translation, using the appropriate language, and know that the shape has not changed"
5,2,Statistics,Statistics,"solve comparison, sum and difference problems using information presented in a line graph"
5,2,Statistics,Statistics,"complete, read and interpret information in tables, including timetables"
6,2,Number,number and place value,"read, write, order and compare numbers up to 10,000,000 and determine the value of each digit"
6,2,Number,number and place value,round any whole number to a required degree of accuracy
6,2,Number,number and place value,"use negative numbers in context, and calculate intervals across 0"
6,2,Number,number and place value,solve number and practical problems that involve all of the above
6,2,Number,"addition, subtraction, multiplication and division",multiply multi-digit numbers up to 4 digits by a two-digit whole number using the formal written method of long multiplication
6,2,Number,"addition, subtraction, multiplication and division","divide numbers up to 4 digits by a two-digit whole number using the formal written method of long division, and interpret remainders as whole number remainders, fractions, or by rounding, as appropriate for the context"
6,2,Number,"addition, subtraction, multiplication and division","divide numbers up to 4 digits by a two-digit number using the formal written method of short division where appropriate, interpreting remainders according to the context"
6,2,Number,"addition, subtraction, multiplication and division","perform mental calculations, including with mixed operations and large numbers"
6,2,Number,"addition, subtraction, multiplication and division","identify common factors, common multiples and prime numbers"
6,2,Number,"addition, subtraction, multiplication and division",use their knowledge of the order of operations to carry out calculations involving the 4 operations
6,2,Number,"addition, subtraction, multiplication and division","solve addition and subtraction multi-step problems in contexts, deciding which operations and methods to use and why"
6,2,Number,"addition, subtraction, multiplication and division","solve problems involving addition, subtraction, multiplication and division"
6,2,Number,"addition, subtraction, multiplication and division","use estimation to check answers to calculations and determine, in the context of a problem, an appropriate degree of accuracy"
6,2,Number,Fractions,use common factors to simplify fractions; use common multiples to express fractions in the same denomination
6,2,Number,Fractions,"compare and order fractions, including fractions >1"
6,2,Number,Fractions,"add and subtract fractions with different denominators and mixed numbers, using the concept of equivalent fractions"
6,2,Number,Fractions,"multiply simple pairs of proper fractions, writing the answer in its simplest form × [Fraction:1/2] = [Fraction:1/8]]"
6,2,Number,Fractions,divide proper fractions by whole numbers ÷ 2 = [Fraction:1/6]]
6,2,Number,Fractions,associate a fraction with division and calculate decimal fraction equivalents for a simple fraction]
6,2,Number,Fractions,"identify the value of each digit in numbers given to 3 decimal places and multiply and divide numbers by 10, 100 and 1,000 giving answers up to 3 decimal places"
6,2,Number,Fractions,multiply one-digit numbers with up to 2 decimal places by whole numbers
6,2,Number,Fractions,use written division methods in cases where the answer has up to 2 decimal places
6,2,Number,Fractions,solve problems which require answers to be rounded to specified degrees of accuracy
6,2,Number,Fractions,"recall and use equivalences between simple fractions, decimals and percentages, including in different contexts"
6,2,Ratio,Ratio and Proportion,solve problems involving the relative sizes of 2 quantities where missing values can be found by using integer multiplication and division facts
6,2,Ratio,Ratio and Proportion,solve problems involving the calculation of percentages and the use of percentages for comparison
6,2,Ratio,Ratio and Proportion,solve problems involving similar shapes where the scale factor is known or can be found
6,2,Ratio,Ratio and Proportion,solve problems involving unequal sharing and grouping using knowledge of fractions and multiples
6,2,Algebra,Algebra,use simple formulae
6,2,Algebra,Algebra,generate and describe linear number sequences
6,2,Algebra,Algebra,express missing number problems algebraically
6,2,Algebra,Algebra,find pairs of numbers that satisfy an equation with 2 unknowns
6,2,Algebra,Algebra,enumerate possibilities of combinations of 2 variables
6,2,Geometry,Measurement,"solve problems involving the calculation and conversion of units of measure, using decimal notation up to 3 decimal places where appropriate"
6,2,Geometry,Measurement,"use, read, write and convert between standard units, converting measurements of length, mass, volume and time from a smaller unit of measure to a larger unit, and vice versa, using decimal notation to up to 3 decimal places"
6,2,Geometry,Measurement,convert between miles and kilometres
6,2,Geometry,Measurement,recognise that shapes with the same areas can have different perimeters and vice versa
6,2,Geometry,Measurement,recognise when it is possible to use formulae for area and volume of shapes
6,2,Geometry,Measurement,calculate the area of parallelograms and triangles
6,2,Geometry,Measurement,"calculate, estimate and compare volume of cubes and cuboids using standard units, including cubic centimetres (cm³) and cubic metres (m³), and extending to other units"
6,2,Geometry,properties of shapes,draw 2-D shapes using given dimensions and angles
6,2,Geometry,properties of shapes,"recognise, describe and build simple 3-D shapes, including making nets"
6,2,Geometry,properties of shapes,"compare and classify geometric shapes based on their properties and sizes and find unknown angles in any triangles, quadrilaterals, and regular polygons"
6,2,Geometry,properties of shapes,"illustrate and name parts of circles, including radius, diameter and circumference and know that the diameter is twice the radius"
6,2,Geometry,properties of shapes,"recognise angles where they meet at a point, are on a straight line, or are vertically opposite, and find missing angles"
6,2,Geometry,position and direction,describe positions on the full coordinate grid (all 4 quadrants)
6,2,Geometry,position and direction,"draw and translate simple shapes on the coordinate plane, and reflect them in the axes"
6,2,Statistics,Statistics,interpret and construct pie charts and line graphs and use these to solve problems
6,2,Statistics,Statistics,calculate and interpret the mean as an average
8,3,Number,Number,"understand and use place value for decimals, measures and integers of any size"
8,3,Number,Number,"order positive and negative integers, decimals and fractions; use the number line as a model for ordering of the real numbers; use the symbols =, ≠, <, >, ≤, ≥"
8,3,Number,Number,"use the concepts and vocabulary of prime numbers, factors (or divisors), multiples, common factors, common multiples, highest common factor, lowest common multiple, prime factorisation, including using product notation and the unique factorisation property"
8,3,Number,Number,"use the 4 operations, including formal written methods, applied to integers, decimals, proper and improper fractions, and mixed numbers, all both positive and negative"
8,3,Number,Number,"use conventional notation for the priority of operations, including brackets, powers, roots and reciprocals"
8,3,Number,Number,recognise and use relationships between operations including inverse operations
8,3,Number,Number,"use integer powers and associated real roots (square, cube and higher), recognise powers of 2, 3, 4, 5 and distinguish between exact representations of roots and their decimal approximations"
8,3,Number,Number,"interpret and compare numbers in standard form A x 10n 1≤A<10, where n is a positive or negative integer or 0"
8,3,Number,Number,work interchangeably with terminating decimals and their corresponding fractions (such as 3.5 and [Fraction:7/2] or 0.375 and [Fraction:3/8])
8,3,Number,Number,"define percentage as ‘number of parts per hundred’, interpret percentages and percentage changes as a fraction or a decimal, interpret these multiplicatively, express 1 quantity as a percentage of another, compare 2 quantities using percentages, and work with percentages greater than 100%"
8,3,Number,Number,interpret fractions and percentages as operators
8,3,Number,Number,"use standard units of mass, length, time, money and other measures, including with decimal quantities"
8,3,Number,Number,round numbers and measures to an appropriate degree of accuracy
8,3,Number,Number,use approximation through rounding to estimate answers and calculate possible resulting errors expressed using inequality notation a<x≤b
8,3,Number,Number,use a calculator and other technologies to calculate results accurately and then interpret them appropriately
8,3,Number,Number,"appreciate the infinite nature of the sets of integers, real and rational numbers"
8,3,Algebra,Algebra,"use and interpret algebraic notation, including: ab in place of a × b"
8,3,Algebra,Algebra,"use and interpret algebraic notation, including: 3y in place of y + y + y and 3 × y"
8,3,Algebra,Algebra,"use and interpret algebraic notation, including: a² in place of a × a, a³ in place of a × a × a; a²b in place of a × a × b"
8,3,Algebra,Algebra,"use and interpret algebraic notation, including: [Fraction:a/b] in place of a ÷ b"
8,3,Algebra,Algebra,"use and interpret algebraic notation, including: coefficients written as fractions rather than as decimals"
8,3,Algebra,Algebra,"use and interpret algebraic notation, including: brackets"
8,3,Algebra,Algebra,"substitute numerical values into formulae and expressions, including scientific formulae"
8,3,Algebra,Algebra,"understand and use the concepts and vocabulary of expressions, equations, inequalities, terms and factors"
8,3,Algebra,Algebra,simplify and manipulate algebraic expressions to maintain equivalence by: collecting like terms
8,3,Algebra,Algebra,simplify and manipulate algebraic expressions to maintain equivalence by: multiplying a single term over a bracket
8,3,Algebra,Algebra,simplify and manipulate algebraic expressions to maintain equivalence by: taking out common factors
8,3,Algebra,Algebra,simplify and manipulate algebraic expressions to maintain equivalence by: expanding products of 2 or more binomials
8,3,Algebra,Algebra,understand and use standard mathematical formulae; rearrange formulae to change the subject
8,3,Algebra,Algebra,model situations or procedures by translating them into algebraic expressions or formulae and by using graphs
8,3,Algebra,Algebra,use algebraic methods to solve linear equations in 1 variable (including all forms that require rearrangement)
8,3,Algebra,Algebra,work with coordinates in all 4 quadrants
8,3,Algebra,Algebra,"recognise, sketch and produce graphs of linear and quadratic functions of 1 variable with appropriate scaling, using equations in x and y and the Cartesian plane"
8,3,Algebra,Algebra,interpret mathematical relationships both algebraically and graphically
8,3,Algebra,Algebra,"reduce a given linear equation in 2 variables to the standard form y = mx + c; calculate and interpret gradients and intercepts of graphs of such linear equations numerically, graphically and algebraically"
8,3,Algebra,Algebra,use linear and quadratic graphs to estimate values of y for given values of x and vice versa and to find approximate solutions of simultaneous linear equations
8,3,Algebra,Algebra,"find approximate solutions to contextual problems from given graphs of a variety of functions, including piece-wise linear, exponential and reciprocal graphs"
8,3,Algebra,Algebra,generate terms of a sequence from either a term-to-term or a position-to-term rule
8,3,Algebra,Algebra,recognise arithmetic sequences and find the nth term
8,3,Algebra,Algebra,recognise geometric sequences and appreciate other sequences that arise
8,3,Ratio,"Ratio, Proportion and Rates of Change",change freely between related standard units
8,3,Ratio,"Ratio, Proportion and Rates of Change","use scale factors, scale diagrams and maps"
8,3,Ratio,"Ratio, Proportion and Rates of Change","express 1 quantity as a fraction of another, where the fraction is less than 1 and greater than 1"
8,3,Ratio,"Ratio, Proportion and Rates of Change","use ratio notation, including reduction to simplest form"
8,3,Ratio,"Ratio, Proportion and Rates of Change",divide a given quantity into 2 parts in a given part:part or part:whole ratio; express the division of a quantity into 2 parts as a ratio
8,3,Ratio,"Ratio, Proportion and Rates of Change",understand that a multiplicative relationship between 2 quantities can be expressed as a ratio or a fraction
8,3,Ratio,"Ratio, Proportion and Rates of Change",relate the language of ratios and the associated calculations to the arithmetic of fractions and to linear functions
8,3,Ratio,"Ratio, Proportion and Rates of Change","solve problems involving percentage change, including: percentage increase, decrease and original value problems and simple interest in financial mathematics"
8,3,Ratio,"Ratio, Proportion and Rates of Change","solve problems involving direct and inverse proportion, including graphical and algebraic representations"
8,3,Ratio,"Ratio, Proportion and Rates of Change","use compound units such as speed, unit pricing and density to solve problems"
8,3,Geometry,Geometry and Measures,"derive and apply formulae to calculate and solve problems involving: perimeter and area of triangles, parallelograms, trapezia, volume of cuboids (including cubes) and other prisms (including cylinders)"
8,3,Geometry,Geometry and Measures,"calculate and solve problems involving: perimeters of 2-D shapes (including circles), areas of circles and composite shapes"
8,3,Geometry,Geometry and Measures,"draw and measure line segments and angles in geometric figures, including interpreting scale drawings"
8,3,Geometry,Geometry and Measures,"derive and use the standard ruler and compass constructions (perpendicular bisector of a line segment, constructing a perpendicular to a given line from/at a given point, bisecting a given angle); recognise and use the perpendicular distance from a point to a line as the shortest distance to the line"
8,3,Geometry,Geometry and Measures,"describe, sketch and draw using conventional terms and notations: points, lines, parallel lines, perpendicular lines, right angles, regular polygons, and other polygons that are reflectively and rotationally symmetric"
8,3,Geometry,Geometry and Measures,"use the standard conventions for labelling the sides and angles of triangle ABC, and know and use the criteria for congruence of triangles"
8,3,Geometry,Geometry and Measures,"derive and illustrate properties of triangles, quadrilaterals, circles, and other plane figures using appropriate language and technologies"
8,3,Geometry,Geometry and Measures,"identify properties of, and describe the results of, translations, rotations and reflections applied to given figures"
8,3,Geometry,Geometry and Measures,"identify and construct congruent triangles, and construct similar shapes by enlargement, with and without coordinate grids"
8,3,Geometry,Geometry and Measures,"apply the properties of angles at a point, angles at a point on a straight line, vertically opposite angles"
8,3,Geometry,Geometry and Measures,understand and use the relationship between parallel lines and alternate and corresponding angles
8,3,Geometry,Geometry and Measures,"derive and use the sum of angles in a triangle and use it to deduce the angle sum in any polygon, and to derive properties of regular polygons"
8,3,Geometry,Geometry and Measures,"apply angle facts, triangle congruence, similarity and properties of quadrilaterals to derive results about angles and sides, including Pythagoras’ Theorem, and use known results to obtain simple proofs"
8,3,Geometry,Geometry and Measures,use Pythagoras’ Theorem and trigonometric ratios in similar triangles to solve problems involving right-angled triangles
8,3,Geometry,Geometry and Measures,"use the properties of faces, surfaces, edges and vertices of cubes, cuboids, prisms, cylinders, pyramids, cones and spheres to solve problems in 3-D"
8,3,Geometry,Geometry and Measures,interpret mathematical relationships both algebraically and geometrically
8,3,Statistics,Probability,"record, describe and analyse the frequency of outcomes of simple probability experiments involving randomness, fairness, equally and unequally likely outcomes, using appropriate language and the 0-1 probability scale"
8,3,Statistics,Probability,understand that the probabilities of all possible outcomes sum to 1
8,3,Statistics,Probability,"enumerate sets and unions/intersections of sets systematically, using tables, grids and Venn diagrams"
8,3,Statistics,Probability,"generate theoretical sample spaces for single and combined events with equally likely, mutually exclusive outcomes and use these to calculate theoretical probabilities"
8,3,Statistics,Statistics,"describe, interpret and compare observed distributions of a single variable through: appropriate graphical representation involving discrete, continuous and grouped data; and appropriate measures of central tendency (mean, mode, median) and spread (range, consideration of outliers)"
8,3,Statistics,Statistics,"construct and interpret appropriate tables, charts, and diagrams, including frequency tables, bar charts, pie charts, and pictograms for categorical data, and vertical line (or bar) charts for ungrouped and grouped numerical data"
8,3,Statistics,Statistics,describe simple mathematical relationships between 2 variables (bivariate data) in observational and experimental contexts and illustrate using scatter graphs
10,4,Number,Number,"apply systematic listing strategies, {including use of the product rule for counting}"
10,4,Number,Number,{estimate powers and roots of any given positive number}
10,4,Number,Number,"calculate with roots, and with integer {and fractional} indices"
10,4,Number,Number,"calculate exactly with fractions, {surds} and multiples of π {simplify surd expressions involving squares and rationalise denominators}"
10,4,Number,Number,"calculate with numbers in standard form A × 10n, where 1 ≤⃒ A < 10 and n is an integer"
10,4,Number,Number,{change recurring decimals into their corresponding fractions and vice versa}
10,4,Number,Number,identify and work with fractions in ratio problems
10,4,Number,Number,"apply and interpret limits of accuracy when rounding or truncating, {including upper and lower bounds}"
10,4,Algebra,Algebra,"simplify and manipulate algebraic expressions (including those involving surds {and algebraic fractions}) by: factorising quadratic expressions of the form x2 + bx + c, including the difference of 2 squares; {factorising quadratic expressions of the form ax2 + bx + c}"
10,4,Algebra,Algebra,"simplify and manipulate algebraic expressions (including those involving surds {and algebraic fractions}) by: simplifying expressions involving sums, products and powers, including the laws of indices"
10,4,Algebra,Algebra,"know the difference between an equation and an identity; argue mathematically to show algebraic expressions are equivalent, and use algebra to support and construct arguments {and proofs}"
10,4,Algebra,Algebra,"where appropriate, interpret simple expressions as functions with inputs and outputs; {interpret the reverse process as the ‘inverse function’; interpret the succession of 2 functions as a ‘composite function’}"
10,4,Algebra,Algebra,"use the form y = mx + c to identify parallel {and perpendicular} lines; find the equation of the line through 2 given points, or through 1 point with a given gradient"
10,4,Algebra,Algebra,"identify and interpret roots, intercepts and turning points of quadratic functions graphically; deduce roots algebraically {and turning points by completing the square}"
10,4,Algebra,Algebra,"recognise, sketch and interpret graphs of linear functions, quadratic functions, simple cubic functions, the reciprocal function y = [Fraction:1/x] with x ≠ 0, {the exponential function y = kx for positive values of k, and the trigonometric functions (with arguments in degrees) y = sin x, y = cos x and y = tan x for angles of any size}"
10,4,Algebra,Algebra,{sketch translations and reflections of the graph of a given function}
10,4,Algebra,Algebra,"plot and interpret graphs (including reciprocal graphs {and exponential graphs}) and graphs of non-standard functions in real contexts, to find approximate solutions to problems such as simple kinematic problems involving distance, speed and acceleration"
10,4,Algebra,Algebra,"{calculate or estimate gradients of graphs and areas under graphs (including quadratic and other non-linear graphs), and interpret results in cases such as distance-time graphs, velocity-time graphs and graphs in financial contexts}"
10,4,Algebra,Algebra,{recognise and use the equation of a circle with centre at the origin; find the equation of a tangent to a circle at a given point}
10,4,Algebra,Algebra,"solve quadratic equations {including those that require rearrangement} algebraically by factorising, {by completing the square and by using the quadratic formula}; find approximate solutions using a graph"
10,4,Algebra,Algebra,solve 2 simultaneous equations in 2 variables (linear/linear {or linear/quadratic}) algebraically; find approximate solutions using a graph
10,4,Algebra,Algebra,{find approximate solutions to equations numerically using iteration}
10,4,Algebra,Algebra,"translate simple situations or procedures into algebraic expressions or formulae; derive an equation (or 2 simultaneous equations), solve the equation(s) and interpret the solution"
10,4,Algebra,Algebra,"solve linear inequalities in 1 {or 2} variable {s}, {and quadratic inequalities in 1 variable}; represent the solution set on a number line, {using set notation and on a graph}"
10,4,Algebra,Algebra,"recognise and use sequences of triangular, square and cube numbers, simple arithmetic progressions, Fibonacci type sequences, quadratic sequences, and simple geometric progressions (rn where n is an integer, and r is a positive rational number {or a surd}) {and other sequences}"
10,4,Algebra,Algebra,deduce expressions to calculate the nth term of linear {and quadratic} sequences.
10,4,Ratio,"Ratio, Proportion and Rates of Change","compare lengths, areas and volumes using ratio notation and/or scale factors; make links to similarity (including trigonometric ratios)"
10,4,Ratio,"Ratio, Proportion and Rates of Change","convert between related compound units (speed, rates of pay, prices, density, pressure) in numerical and algebraic contexts"
10,4,Ratio,"Ratio, Proportion and Rates of Change",understand that X is inversely proportional to Y is equivalent to X is proportional to [Fraction:1/Y]; {construct and} interpret equations that describe direct and inverse proportion
10,4,Ratio,"Ratio, Proportion and Rates of Change",interpret the gradient of a straight line graph as a rate of change; recognise and interpret graphs that illustrate direct and inverse proportion
10,4,Ratio,"Ratio, Proportion and Rates of Change","{interpret the gradient at a point on a curve as the instantaneous rate of change; apply the concepts of instantaneous and average rate of change (gradients of tangents and chords) in numerical, algebraic and graphical contexts}"
10,4,Ratio,"Ratio, Proportion and Rates of Change","set up, solve and interpret the answers in growth and decay problems, including compound interest {and work with general iterative processes}"
10,4,Geometry,Geometry and Measures,interpret and use fractional {and negative} scale factors for enlargements
10,4,Geometry,Geometry and Measures,"{describe the changes and invariance achieved by combinations of rotations, reflections and translations}"
10,4,Geometry,Geometry and Measures,"identify and apply circle definitions and properties, including: centre, radius, chord, diameter, circumference, tangent, arc, sector and segment"
10,4,Geometry,Geometry and Measures,"{apply and prove the standard circle theorems concerning angles, radii, tangents and chords, and use them to prove related results}"
10,4,Geometry,Geometry and Measures,construct and interpret plans and elevations of 3D shapes
10,4,Geometry,Geometry and Measures,interpret and use bearings
10,4,Geometry,Geometry and Measures,"calculate arc lengths, angles and areas of sectors of circles"
10,4,Geometry,Geometry and Measures,"calculate surface areas and volumes of spheres, pyramids, cones and composite solids"
10,4,Geometry,Geometry and Measures,"apply the concepts of congruence and similarity, including the relationships between lengths, {areas and volumes} in similar figures"
10,4,Geometry,Geometry and Measures,"apply Pythagoras’ Theorem and trigonometric ratios to find angles and lengths in right-angled triangles {and, where possible, general triangles} in 2 {and 3} dimensional figures"
10,4,Geometry,Geometry and Measures,"know the exact values of sin θ and cos θ for θ = 0°, 30°, 45°, 60° and 90°; know the exact value of tan θ for θ = 0°, 30°, 45°, 60°"
10,4,Geometry,Geometry and Measures,"{know and apply the sine rule, [Fraction:a/sinA] = [Fraction:b/sinB] = [Fraction:c/sinC] , and cosine rule, a2 = b2 + c2 - 2bc cos A, to find unknown lengths and angles}"
10,4,Geometry,Geometry and Measures,"{know and apply Area = [Fraction:1/2] ab sin C to calculate the area, sides or angles of any triangle}"
10,4,Geometry,Geometry and Measures,describe translations as 2D vectors
10,4,Geometry,Geometry and Measures,"apply addition and subtraction of vectors, multiplication of vectors by a scalar, and diagrammatic and column representations of vectors; {use vectors to construct geometric arguments and proofs}"
10,4,Statistics,Probability,apply the property that the probabilities of an exhaustive set of mutually exclusive events sum to 1
10,4,Statistics,Probability,"use a probability model to predict the outcomes of future experiments; understand that empirical unbiased samples tend towards theoretical probability distributions, with increasing sample size"
10,4,Statistics,Probability,"calculate the probability of independent and dependent combined events, including using tree diagrams and other representations, and know the underlying assumptions"
10,4,Statistics,Probability,"{calculate and interpret conditional probabilities through representation using expected frequencies with two-way tables, tree diagrams and Venn diagrams}"
10,4,Statistics,Statistics,"infer properties of populations or distributions from a sample, whilst knowing the limitations of sampling"
10,4,Statistics,Statistics,interpret and construct tables and line graphs for time series data
10,4,Statistics,Statistics,"{construct and interpret diagrams for grouped discrete data and continuous data, ie, histograms with equal and unequal class intervals and cumulative frequency graphs, and know their appropriate use}"
10,4,Statistics,Statistics,"interpret, analyse and compare the distributions of data sets from univariate empirical distributions through: appropriate graphical representation involving discrete, continuous and grouped data, {including box plots}"
10,4,Statistics,Statistics,"interpret, analyse and compare the distributions of data sets from univariate empirical distributions through: appropriate measures of central tendency (including modal class) and spread {including quartiles and inter-quartile range}"
10,4,Statistics,Statistics,apply statistics to describe a population
10,4,Statistics,Statistics,use and interpret scatter graphs of bivariate data; recognise correlation and know that it does not indicate causation; draw estimated lines of best fit; make predictions; interpolate and extrapolate apparent trends whilst knowing the dangers of so doing.
